hash_no,hash_name,hash_image_location
1,Agit,https://folaroid-image.s3.ap-northeast-2.amazonaws.com/agit.png
2,Airflow,https://folaroid-image.s3.ap-northeast-2.amazonaws.com/airflow.png
3,Alamofire,https://folaroid-image.s3.ap-northeast-2.amazonaws.com/alamofire.png
4,Angular,https://folaroid-image.s3.ap-northeast-2.amazonaws.com/angular.png
5,Ansible,https://folaroid-image.s3.ap-northeast-2.amazonaws.com/ansible.png
6,Apollo,https://folaroid-image.s3.ap-northeast-2.amazonaws.com/apollo.png
7,Appium,https://folaroid-image.s3.ap-northeast-2.amazonaws.com/appium.png
8,ArangoDB,https://folaroid-image.s3.ap-northeast-2.amazonaws.com/arangodb.png
9,Arcus,https://folaroid-image.s3.ap-northeast-2.amazonaws.com/arcus.png
10,Argo CD,https://folaroid-image.s3.ap-northeast-2.amazonaws.com/argocd.png
11,Armeria,https://folaroid-image.s3.ap-northeast-2.amazonaws.com/armeria.png
12,Asana,https://folaroid-image.s3.ap-northeast-2.amazonaws.com/asana.png
13,ASP.NET,https://folaroid-image.s3.ap-northeast-2.amazonaws.com/aspnet.png
14,AWS Athena,https://folaroid-image.s3.ap-northeast-2.amazonaws.com/awsathena.png
15,AWS AuroraDB,https://folaroid-image.s3.ap-northeast-2.amazonaws.com/awsauroradb.png
16,AWS CodeBuild,https://folaroid-image.s3.ap-northeast-2.amazonaws.com/awscodebuild.png
17,AWS CodeDeploy,https://folaroid-image.s3.ap-northeast-2.amazonaws.com/awscodedeploy.png
18,AWS CodePipeline,https://folaroid-image.s3.ap-northeast-2.amazonaws.com/awscodepipeline.png
19,AWS DocumentDB,https://folaroid-image.s3.ap-northeast-2.amazonaws.com/awsdocumentdb.png
20,AWS DynamoDB,https://folaroid-image.s3.ap-northeast-2.amazonaws.com/awsdynamodb.png
21,AWS Kinesis,https://folaroid-image.s3.ap-northeast-2.amazonaws.com/awskinesis.png
22,AWS MariaDB,https://folaroid-image.s3.ap-northeast-2.amazonaws.com/awsmariadb.png
23,AWS Redshift,https://folaroid-image.s3.ap-northeast-2.amazonaws.com/awsredshift.png
24,AWS SES,https://folaroid-image.s3.ap-northeast-2.amazonaws.com/awsses.png
25,AWS SNS,https://folaroid-image.s3.ap-northeast-2.amazonaws.com/awssns.png
26,AWS SQS,https://folaroid-image.s3.ap-northeast-2.amazonaws.com/awssqs.png
27,Azure DevOps,https://folaroid-image.s3.ap-northeast-2.amazonaws.com/azuredevops.png
28,BackboneJS,https://folaroid-image.s3.ap-northeast-2.amazonaws.com/backbonejs.png
29,Bazel,https://folaroid-image.s3.ap-northeast-2.amazonaws.com/bazel.png
30,Bitbucket,https://folaroid-image.s3.ap-northeast-2.amazonaws.com/bitbucket.png
31,Bitrise,https://folaroid-image.s3.ap-northeast-2.amazonaws.com/bitrise.png
32,Capistrano,https://folaroid-image.s3.ap-northeast-2.amazonaws.com/capistrano.png
33,CassandraDB,https://folaroid-image.s3.ap-northeast-2.amazonaws.com/cassandra.png
34,Celery,https://folaroid-image.s3.ap-northeast-2.amazonaws.com/celery.png
35,Central Dogma,https://folaroid-image.s3.ap-northeast-2.amazonaws.com/centraldogma.png
36,Ceph,https://folaroid-image.s3.ap-northeast-2.amazonaws.com/ceph.png
37,Circle CI,https://folaroid-image.s3.ap-northeast-2.amazonaws.com/circleci.png
38,Clickhouse,https://folaroid-image.s3.ap-northeast-2.amazonaws.com/clickhouse.png
39,Clojure,https://folaroid-image.s3.ap-northeast-2.amazonaws.com/clojure.png
40,CockroachDB,https://folaroid-image.s3.ap-northeast-2.amazonaws.com/cockroachdb.png
41,CodeIgniter,https://folaroid-image.s3.ap-northeast-2.amazonaws.com/codeigniter.png
42,Confluence,https://folaroid-image.s3.ap-northeast-2.amazonaws.com/confluence.png
43,Couchbase,https://folaroid-image.s3.ap-northeast-2.amazonaws.com/couchbase.png
44,C++,https://folaroid-image.s3.ap-northeast-2.amazonaws.com/cplusplus.png
45,C#,https://folaroid-image.s3.ap-northeast-2.amazonaws.com/csharp.png
46,Cubrid,https://folaroid-image.s3.ap-northeast-2.amazonaws.com/cubrid.png
47,Cucumber,https://folaroid-image.s3.ap-northeast-2.amazonaws.com/cucumber.png
48,Cypress,https://folaroid-image.s3.ap-northeast-2.amazonaws.com/cypress.png
49,Dagger,https://folaroid-image.s3.ap-northeast-2.amazonaws.com/dagger.png
50,Dart,https://folaroid-image.s3.ap-northeast-2.amazonaws.com/dart.png
51,Discord,https://folaroid-image.s3.ap-northeast-2.amazonaws.com/discord.png
52,Django,https://folaroid-image.s3.ap-northeast-2.amazonaws.com/django.png
53,Docker,https://folaroid-image.s3.ap-northeast-2.amazonaws.com/docker.png
54,Docusaurus,https://folaroid-image.s3.ap-northeast-2.amazonaws.com/docusaurus.png
55,Drone,https://folaroid-image.s3.ap-northeast-2.amazonaws.com/drone.png
56,Dropwizard,https://folaroid-image.s3.ap-northeast-2.amazonaws.com/dropwizard.png
57,Druid,https://folaroid-image.s3.ap-northeast-2.amazonaws.com/druid.png
58,ElasticSearch,https://folaroid-image.s3.ap-northeast-2.amazonaws.com/elasticsearch.png
59,Electron,https://folaroid-image.s3.ap-northeast-2.amazonaws.com/electron.png
60,Elixir,https://folaroid-image.s3.ap-northeast-2.amazonaws.com/elixir.png
61,EmberJS,https://folaroid-image.s3.ap-northeast-2.amazonaws.com/emberjs.png
62,Emotion,https://folaroid-image.s3.ap-northeast-2.amazonaws.com/emotion.png
63,Envoy,https://folaroid-image.s3.ap-northeast-2.amazonaws.com/envoy.png
64,Enzyme,https://folaroid-image.s3.ap-northeast-2.amazonaws.com/enzyme.png
65,ExoPlayer,https://folaroid-image.s3.ap-northeast-2.amazonaws.com/exoplayer.png
66,ExpressJS,https://folaroid-image.s3.ap-northeast-2.amazonaws.com/expressjs.png
67,FastAPI,https://folaroid-image.s3.ap-northeast-2.amazonaws.com/fastapi.png
68,Fastify,https://folaroid-image.s3.ap-northeast-2.amazonaws.com/fastify.png
69,Fastlane,https://folaroid-image.s3.ap-northeast-2.amazonaws.com/fastlane.png
70,Flask,https://folaroid-image.s3.ap-northeast-2.amazonaws.com/flask.png
71,Flink,https://folaroid-image.s3.ap-northeast-2.amazonaws.com/flink.png
72,Flow,https://folaroid-image.s3.ap-northeast-2.amazonaws.com/flow.png
73,Fluentd,https://folaroid-image.s3.ap-northeast-2.amazonaws.com/fluentd.png
74,Flutter,https://folaroid-image.s3.ap-northeast-2.amazonaws.com/flutter.png
75,Gatsby,https://folaroid-image.s3.ap-northeast-2.amazonaws.com/gatsby.png
76,Github,https://folaroid-image.s3.ap-northeast-2.amazonaws.com/github.png
77,Github Action,https://folaroid-image.s3.ap-northeast-2.amazonaws.com/githubaction.png
78,Gitlab,https://folaroid-image.s3.ap-northeast-2.amazonaws.com/gitlab.png
79,Glide,https://folaroid-image.s3.ap-northeast-2.amazonaws.com/glide.png
80,Go,https://folaroid-image.s3.ap-northeast-2.amazonaws.com/go.png
81,Go CD,https://folaroid-image.s3.ap-northeast-2.amazonaws.com/gocd.png
82,Google BigQuery,https://folaroid-image.s3.ap-northeast-2.amazonaws.com/googlebigquery.png
83,Google Cloud Build,https://folaroid-image.s3.ap-northeast-2.amazonaws.com/googlecodebuild.png
84,Google Data Studio,https://folaroid-image.s3.ap-northeast-2.amazonaws.com/googledatastudio.png
85,Google Firebase,https://folaroid-image.s3.ap-northeast-2.amazonaws.com/googlefirebase.png
86,Google Firestore,https://folaroid-image.s3.ap-northeast-2.amazonaws.com/googlefirestore.png
87,Grafana,https://folaroid-image.s3.ap-northeast-2.amazonaws.com/grafana.png
88,GraphQL,https://folaroid-image.s3.ap-northeast-2.amazonaws.com/graphql.png
89,Greenplum,https://folaroid-image.s3.ap-northeast-2.amazonaws.com/greenplum.png
90,GRPC,https://folaroid-image.s3.ap-northeast-2.amazonaws.com/grpc.png
91,Gulp,https://folaroid-image.s3.ap-northeast-2.amazonaws.com/gulp.png
92,Hadoop,https://folaroid-image.s3.ap-northeast-2.amazonaws.com/hadoop.png
93,Harbor,https://folaroid-image.s3.ap-northeast-2.amazonaws.com/harbor.png
94,HBase,https://folaroid-image.s3.ap-northeast-2.amazonaws.com/hbase.png
95,Helm,https://folaroid-image.s3.ap-northeast-2.amazonaws.com/helm.png
96,Hibernate,https://folaroid-image.s3.ap-northeast-2.amazonaws.com/hibernate.png
97,Hive,https://folaroid-image.s3.ap-northeast-2.amazonaws.com/hive.png
98,Hugo,https://folaroid-image.s3.ap-northeast-2.amazonaws.com/hugo.png
99,Immer,https://folaroid-image.s3.ap-northeast-2.amazonaws.com/immer.png
100,Impala,https://folaroid-image.s3.ap-northeast-2.amazonaws.com/impala.png
101,InfluxDB,https://folaroid-image.s3.ap-northeast-2.amazonaws.com/influxdb.png
102,Istio,https://folaroid-image.s3.ap-northeast-2.amazonaws.com/istio.png
103,Jaeger,https://folaroid-image.s3.ap-northeast-2.amazonaws.com/jaeger.png
104,Jandi,https://folaroid-image.s3.ap-northeast-2.amazonaws.com/jandi.png
105,Jasmine,https://folaroid-image.s3.ap-northeast-2.amazonaws.com/jasmine.png
106,Java,https://folaroid-image.s3.ap-northeast-2.amazonaws.com/java.png
107,Javascript,https://folaroid-image.s3.ap-northeast-2.amazonaws.com/javascript.png
108,Jenkins,https://folaroid-image.s3.ap-northeast-2.amazonaws.com/jenkins.png
109,Jest,https://folaroid-image.s3.ap-northeast-2.amazonaws.com/jest.png
110,Jira,https://folaroid-image.s3.ap-northeast-2.amazonaws.com/jira.png
111,Jotai,https://folaroid-image.s3.ap-northeast-2.amazonaws.com/jotai.png
112,JUnit,https://folaroid-image.s3.ap-northeast-2.amazonaws.com/junit.png
113,Kafka,https://folaroid-image.s3.ap-northeast-2.amazonaws.com/kafka.png
114,Kakaotalk,https://folaroid-image.s3.ap-northeast-2.amazonaws.com/kakaotalk.png
115,KakaoWork,https://folaroid-image.s3.ap-northeast-2.amazonaws.com/kakaowork.png
116,Karma,https://folaroid-image.s3.ap-northeast-2.amazonaws.com/karma.png
117,Keras,https://folaroid-image.s3.ap-northeast-2.amazonaws.com/keras.png
118,Kibana,https://folaroid-image.s3.ap-northeast-2.amazonaws.com/kibana.png
119,Koa,https://folaroid-image.s3.ap-northeast-2.amazonaws.com/koa.png
120,Kotlin,https://folaroid-image.s3.ap-northeast-2.amazonaws.com/kotlin.png
121,Ktor,https://folaroid-image.s3.ap-northeast-2.amazonaws.com/ktor.png
122,Kube-Bench,https://folaroid-image.s3.ap-northeast-2.amazonaws.com/kubebench.png
123,Kubeflow,https://folaroid-image.s3.ap-northeast-2.amazonaws.com/kubeflow.png
124,Kubernetes,https://folaroid-image.s3.ap-northeast-2.amazonaws.com/kubernetes.png
125,Kudu,https://folaroid-image.s3.ap-northeast-2.amazonaws.com/kudu.png
126,Laravel,https://folaroid-image.s3.ap-northeast-2.amazonaws.com/laravel.png
127,Linkerd,https://folaroid-image.s3.ap-northeast-2.amazonaws.com/linkerd.png
128,Liquibase,https://folaroid-image.s3.ap-northeast-2.amazonaws.com/liquibase.png
129,Locust,https://folaroid-image.s3.ap-northeast-2.amazonaws.com/locust.png
130,Looker,https://folaroid-image.s3.ap-northeast-2.amazonaws.com/looker.png
131,Lottie,https://folaroid-image.s3.ap-northeast-2.amazonaws.com/lottie.png
132,Lua,https://folaroid-image.s3.ap-northeast-2.amazonaws.com/lua.png
133,Luigi,https://folaroid-image.s3.ap-northeast-2.amazonaws.com/luigi.png
134,Memcached,https://folaroid-image.s3.ap-northeast-2.amazonaws.com/memcached.png
135,Metabase,https://folaroid-image.s3.ap-northeast-2.amazonaws.com/metabase.png
136,Meteor,https://folaroid-image.s3.ap-northeast-2.amazonaws.com/meteor.png
137,Microsoft-Teams,https://folaroid-image.s3.ap-northeast-2.amazonaws.com/microsoftteams.png
138,MLflow,https://folaroid-image.s3.ap-northeast-2.amazonaws.com/mlflow.png
139,MobX,https://folaroid-image.s3.ap-northeast-2.amazonaws.com/mobx.png
140,Mocha,https://folaroid-image.s3.ap-northeast-2.amazonaws.com/mocha.png
141,Mockito,https://folaroid-image.s3.ap-northeast-2.amazonaws.com/mockito.png
142,Monday,https://folaroid-image.s3.ap-northeast-2.amazonaws.com/monday.png
143,MongoDB,https://folaroid-image.s3.ap-northeast-2.amazonaws.com/mongodb.png
144,Moya,https://folaroid-image.s3.ap-northeast-2.amazonaws.com/moya.png
145,MSSQL,https://folaroid-image.s3.ap-northeast-2.amazonaws.com/mssql.png
146,MyBatis,https://folaroid-image.s3.ap-northeast-2.amazonaws.com/mybatis.png
147,MySQL,https://folaroid-image.s3.ap-northeast-2.amazonaws.com/mysql.png
148,Naver Works,https://folaroid-image.s3.ap-northeast-2.amazonaws.com/naverworks.png
149,Neo4j,https://folaroid-image.s3.ap-northeast-2.amazonaws.com/neo4j.png
150,NestJS,https://folaroid-image.s3.ap-northeast-2.amazonaws.com/nestjs.png
151,Netty,https://folaroid-image.s3.ap-northeast-2.amazonaws.com/netty.png
152,NextJS,https://folaroid-image.s3.ap-northeast-2.amazonaws.com/nextjs.png
153,Nexus,https://folaroid-image.s3.ap-northeast-2.amazonaws.com/nexus.png
154,nGrinder,https://folaroid-image.s3.ap-northeast-2.amazonaws.com/ngrinder.png
155,NIFI,https://folaroid-image.s3.ap-northeast-2.amazonaws.com/nifi.png
156,NodeJS,https://folaroid-image.s3.ap-northeast-2.amazonaws.com/nodejs.png
157,Notion,https://folaroid-image.s3.ap-northeast-2.amazonaws.com/notion.png
158,NuxtJS,https://folaroid-image.s3.ap-northeast-2.amazonaws.com/nuxtjs.png
159,Objective-C,https://folaroid-image.s3.ap-northeast-2.amazonaws.com/objectivec.png
160,OpenEBS,https://folaroid-image.s3.ap-northeast-2.amazonaws.com/openebs.png
161,OpenGL,https://folaroid-image.s3.ap-northeast-2.amazonaws.com/opengl.png
162,OracleDB,https://folaroid-image.s3.ap-northeast-2.amazonaws.com/oracledb.png
163,Packer,https://folaroid-image.s3.ap-northeast-2.amazonaws.com/packer.png
164,Perl,https://folaroid-image.s3.ap-northeast-2.amazonaws.com/perl.png
165,Phoenix,https://folaroid-image.s3.ap-northeast-2.amazonaws.com/phoenix.png
166,PHP,https://folaroid-image.s3.ap-northeast-2.amazonaws.com/php.png
167,Playwright,https://folaroid-image.s3.ap-northeast-2.amazonaws.com/playwright.png
168,PostgreSQL,https://folaroid-image.s3.ap-northeast-2.amazonaws.com/postgresql.png
169,Presto,https://folaroid-image.s3.ap-northeast-2.amazonaws.com/presto.png
170,Prometheus,https://folaroid-image.s3.ap-northeast-2.amazonaws.com/prometheus.png
171,Puppeteer,https://folaroid-image.s3.ap-northeast-2.amazonaws.com/puppeteer.png
172,Python,https://folaroid-image.s3.ap-northeast-2.amazonaws.com/python.png
173,Pytorch,https://folaroid-image.s3.ap-northeast-2.amazonaws.com/pytorch.png
174,R,https://folaroid-image.s3.ap-northeast-2.amazonaws.com/r.png
175,RabbitMQ,https://folaroid-image.s3.ap-northeast-2.amazonaws.com/rabbitmq.png
176,Rancher,https://folaroid-image.s3.ap-northeast-2.amazonaws.com/rancher.png
177,Ranger,https://folaroid-image.s3.ap-northeast-2.amazonaws.com/ranger.png
178,Ray,https://folaroid-image.s3.ap-northeast-2.amazonaws.com/ray.png
179,React Context,https://folaroid-image.s3.ap-northeast-2.amazonaws.com/reactcontext.png
180,ReactiveX,https://folaroid-image.s3.ap-northeast-2.amazonaws.com/reactivex.png
181,ReactJS,https://folaroid-image.s3.ap-northeast-2.amazonaws.com/reactjs.png
182,React Native,https://folaroid-image.s3.ap-northeast-2.amazonaws.com/reactnative.png
183,ReactorKit,https://folaroid-image.s3.ap-northeast-2.amazonaws.com/reactorkit.png
184,React Query,https://folaroid-image.s3.ap-northeast-2.amazonaws.com/reactquery.png
185,Realm,https://folaroid-image.s3.ap-northeast-2.amazonaws.com/realm.png
186,Recoil,https://folaroid-image.s3.ap-northeast-2.amazonaws.com/recoil.png
187,Redash,https://folaroid-image.s3.ap-northeast-2.amazonaws.com/redash.png
188,Redis,https://folaroid-image.s3.ap-northeast-2.amazonaws.com/redis.png
189,Redux,https://folaroid-image.s3.ap-northeast-2.amazonaws.com/redux.png
190,Relay,https://folaroid-image.s3.ap-northeast-2.amazonaws.com/relay.png
191,ReScript,https://folaroid-image.s3.ap-northeast-2.amazonaws.com/rescript.png
192,Rest-Assured,https://folaroid-image.s3.ap-northeast-2.amazonaws.com/restassured.png
193,Retrofit,https://folaroid-image.s3.ap-northeast-2.amazonaws.com/retrofit.png
194,RIBs,https://folaroid-image.s3.ap-northeast-2.amazonaws.com/ribs.png
195,RocksDB,https://folaroid-image.s3.ap-northeast-2.amazonaws.com/rocksdb.png
196,Ruby,https://folaroid-image.s3.ap-northeast-2.amazonaws.com/ruby.png
197,Ruby on Rails,https://folaroid-image.s3.ap-northeast-2.amazonaws.com/rubyonrails.png
198,Rundeck,https://folaroid-image.s3.ap-northeast-2.amazonaws.com/rundeck.png
199,Rust,https://folaroid-image.s3.ap-northeast-2.amazonaws.com/rust.png
200,Saltstack,https://folaroid-image.s3.ap-northeast-2.amazonaws.com/saltstack.png
201,Sanic,https://folaroid-image.s3.ap-northeast-2.amazonaws.com/sanic.png
202,Scala,https://folaroid-image.s3.ap-northeast-2.amazonaws.com/scala.png
203,Selenium,https://folaroid-image.s3.ap-northeast-2.amazonaws.com/selenium.png
204,Sinon,https://folaroid-image.s3.ap-northeast-2.amazonaws.com/sinon.png
205,Slack,https://folaroid-image.s3.ap-northeast-2.amazonaws.com/slack.png
206,SnapKit,https://folaroid-image.s3.ap-northeast-2.amazonaws.com/snapkit.png
207,Solr,https://folaroid-image.s3.ap-northeast-2.amazonaws.com/solr.png
208,Sonarqube,https://folaroid-image.s3.ap-northeast-2.amazonaws.com/sonarqube.png
209,Spark,https://folaroid-image.s3.ap-northeast-2.amazonaws.com/spark.png
210,Spinnaker,https://folaroid-image.s3.ap-northeast-2.amazonaws.com/spinnaker.png
211,Spring,https://folaroid-image.s3.ap-northeast-2.amazonaws.com/spring.png
212,SpringBoot,https://folaroid-image.s3.ap-northeast-2.amazonaws.com/springboot.png
213,Storybook,https://folaroid-image.s3.ap-northeast-2.amazonaws.com/storybook.png
214,Styled-Components,https://folaroid-image.s3.ap-northeast-2.amazonaws.com/styledcomponents.png
215,Superset,https://folaroid-image.s3.ap-northeast-2.amazonaws.com/superset.png
216,Svelte,https://folaroid-image.s3.ap-northeast-2.amazonaws.com/svelte.png
217,Swagger,https://folaroid-image.s3.ap-northeast-2.amazonaws.com/swagger.png
218,Swift,https://folaroid-image.s3.ap-northeast-2.amazonaws.com/swift.png
219,Tableau,https://folaroid-image.s3.ap-northeast-2.amazonaws.com/tableau.png
220,Tailwind,https://folaroid-image.s3.ap-northeast-2.amazonaws.com/tailwind.png
221,Telegram,https://folaroid-image.s3.ap-northeast-2.amazonaws.com/telegram.png
222,Tensorflow,https://folaroid-image.s3.ap-northeast-2.amazonaws.com/tensorflow.png
223,Terraform,https://folaroid-image.s3.ap-northeast-2.amazonaws.com/terraform.png
224,Testing Library,https://folaroid-image.s3.ap-northeast-2.amazonaws.com/testinglibrary.png
225,Thrift,https://folaroid-image.s3.ap-northeast-2.amazonaws.com/thrift.png
226,Traefik,https://folaroid-image.s3.ap-northeast-2.amazonaws.com/traefik.png
227,Travis CI,https://folaroid-image.s3.ap-northeast-2.amazonaws.com/travisci.png
228,Trello,https://folaroid-image.s3.ap-northeast-2.amazonaws.com/trello.png
229,Trino,https://folaroid-image.s3.ap-northeast-2.amazonaws.com/trino.png
230,Typescript,https://folaroid-image.s3.ap-northeast-2.amazonaws.com/typescript.png
231,Unity,https://folaroid-image.s3.ap-northeast-2.amazonaws.com/unity.png
232,Vault,https://folaroid-image.s3.ap-northeast-2.amazonaws.com/vault.png
233,VueJS,https://folaroid-image.s3.ap-northeast-2.amazonaws.com/vuejs.png
234,Vuex,https://folaroid-image.s3.ap-northeast-2.amazonaws.com/vuex.png
235,WebRTC,https://folaroid-image.s3.ap-northeast-2.amazonaws.com/webrtc.png
236,Zabbix,https://folaroid-image.s3.ap-northeast-2.amazonaws.com/zabbix.png
237,Zeppelin,https://folaroid-image.s3.ap-northeast-2.amazonaws.com/zeppelin.png
238,Zipkin,https://folaroid-image.s3.ap-northeast-2.amazonaws.com/zipkin.png
239,Zustand,https://folaroid-image.s3.ap-northeast-2.amazonaws.com/zustand.png
